Year,Song,Artist,Failed Reason
1998,Shy Boy,S.E.S.,[0;31mERROR:[0m unable to download video data: HTTP Error 403: Forbidden
1998,í¼ìƒí¼ì‚¬ (Form is Emptiness),Sechskies,Every channel is None or video duration is not between 60 and 600 seconds
1998,í¼ìƒí¼ì‚¬ (Form is Emptiness),Sechskies,No suitable video
1999,í‘ë°±ë…¼ë¦¬ (Black and White Logic),YG Family,Every channel is None or video duration is not between 60 and 600 seconds
1999,í‘ë°±ë…¼ë¦¬ (Black and White Logic),YG Family,No suitable video
1999,ë¬¸ (Wolf),H.O.T.,Every channel is None or video duration is not between 60 and 600 seconds
1999,ë¬¸ (Wolf),H.O.T.,No suitable video
1999,ì´ë³„ì— ëŒ€ì²˜í•˜ëŠ” ìš°ë¦¬ì˜ ìì„¸ (Our Attitude Towards Separation),Click-B,Every channel is None or video duration is not between 60 and 600 seconds
1999,ì´ë³„ì— ëŒ€ì²˜í•˜ëŠ” ìš°ë¦¬ì˜ ìì„¸ (Our Attitude Towards Separation),Click-B,No suitable video
2000,ë™ë„¤ í•œ ë°”í€´ (Round The Town),1TYM,Every channel is None or video duration is not between 60 and 600 seconds
2000,ë™ë„¤ í•œ ë°”í€´ (Round The Town),1TYM,No suitable video
2000,ë¹„ëª½ì‚¬ëª½ (Confused),1TYM,Every channel is None or video duration is not between 60 and 600 seconds
2000,ë¹„ëª½ì‚¬ëª½ (Confused),1TYM,No suitable video
2000,ë– ë‚˜ê°„ í›„ì— (After You Left),Click-B,Every channel is None or video duration is not between 60 and 600 seconds
2000,ë– ë‚˜ê°„ í›„ì— (After You Left),Click-B,No suitable video
2000,ë¶ˆí–‰ì€ ì ˆëŒ€ ë„˜ì–´ì§€ì§€ ì•ŠëŠ”ë‹¤ (Misfortune Never Falls),Click-B,Every channel is None or video duration is not between 60 and 600 seconds
2000,ë¶ˆí–‰ì€ ì ˆëŒ€ ë„˜ì–´ì§€ì§€ ì•ŠëŠ”ë‹¤ (Misfortune Never Falls),Click-B,No suitable video
2000,ë¯¸ì¹œë“¯ì´ ì‚¬ë‘í•œë‚  (The Day I Loved Like Crazy),Click-B,Every channel is None or video duration is not between 60 and 600 seconds
2000,ë¯¸ì¹œë“¯ì´ ì‚¬ë‘í•œë‚  (The Day I Loved Like Crazy),Click-B,No suitable video
2000,ì‚¼ìƒ‰í™” (Three Colors),Shinhwa,Every channel is None or video duration is not between 60 and 600 seconds
2000,ì‚¼ìƒ‰í™” (Three Colors),Shinhwa,No suitable video
2001,Every Heart,BoA,Every channel is None or video duration is not between 60 and 600 seconds
2001,Every Heart,BoA,No suitable video
2001,ë³´ë‚´ì•¼ í•˜ëŠ”ë° (I Have to Let You Go),Click-B,Every channel is None or video duration is not between 60 and 600 seconds
2001,ë³´ë‚´ì•¼ í•˜ëŠ”ë° (I Have to Let You Go),Click-B,No suitable video
2001,ìš”ìˆ ë°©ë§ì´ (Magic Stick),ì§€ëˆ„ì…˜,Every channel is None or video duration is not between 60 and 600 seconds
2001,ìš”ìˆ ë°©ë§ì´ (Magic Stick),ì§€ëˆ„ì…˜,No suitable video
2002,Show,YG Family,Every channel is None or video duration is not between 60 and 600 seconds
2002,Show,YG Family,No suitable video
2002,ë‹¤ ë²„ë ¤! (Throw Everything Away),YG Family,Every channel is None or video duration is not between 60 and 600 seconds
2002,ë‹¤ ë²„ë ¤! (Throw Everything Away),YG Family,No suitable video
2002,One Time,YG Family,Every channel is None or video duration is not between 60 and 600 seconds
2002,One Time,YG Family,No suitable video
2002,ë¹ˆìë¦¬ (Empty Seat),Click-B,[0;31mERROR:[0m unable to download video data: HTTP Error 403: Forbidden
2003,ë„ ë³´ë‚¸ í›„ (After Sending You Away),Click-B,Every channel is None or video duration is not between 60 and 600 seconds
2003,ë„ ë³´ë‚¸ í›„ (After Sending You Away),Click-B,No suitable video
2003,With Me,SE7EN,Every channel is None or video duration is not between 60 and 600 seconds
2003,With Me,SE7EN,No suitable video
2004,Over the Rainbow,TraxX,Every channel is None or video duration is not between 60 and 600 seconds
2004,Over the Rainbow,TraxX,No suitable video
2004,Passion,SE7EN,[0;31mERROR:[0m unable to download video data: HTTP Error 403: Forbidden
2004,I Never Let Go,TVXQ,Every channel is None or video duration is not between 60 and 600 seconds
2004,I Never Let Go,TVXQ,No suitable video
2005,ë°”ëŒ ë¶€ëŠ” ë‚  (April Fools' Day),ì²œìƒì§€í¬ ë” ê·¸ë ˆì´ìŠ¤,Every channel is None or video duration is not between 60 and 600 seconds
2005,ë°”ëŒ ë¶€ëŠ” ë‚  (April Fools' Day),ì²œìƒì§€í¬ ë” ê·¸ë ˆì´ìŠ¤,No suitable video
2005,Beautiful Life,TVXQ,[0;31mERROR:[0m unable to download video data: HTTP Error 403: Forbidden
2006,Fly Up With You Tonight (feat. Bobby Kim),Brown Eyed Girls,Every channel is None or video duration is not between 60 and 600 seconds
2006,Fly Up With You Tonight (feat. Bobby Kim),Brown Eyed Girls,No suitable video
2006,My Everything,ì²œìƒì§€í¬ ë” ê·¸ë ˆì´ìŠ¤,Every channel is None or video duration is not between 60 and 600 seconds
2006,My Everything,ì²œìƒì§€í¬ ë” ê·¸ë ˆì´ìŠ¤,No suitable video
2006,Everlasting,BoA,Every channel is None or video duration is not between 60 and 600 seconds
2006,Everlasting,BoA,No suitable video
2006,ì´ë³„í›„ì•  (Love After Parting) (Rock Version),Click-B,Every channel is None or video duration is not between 60 and 600 seconds
2006,ì´ë³„í›„ì•  (Love After Parting) (Rock Version),Click-B,No suitable video
2007,èŠ±éƒ½é–‹å¥½äº† (The Flowers Will Bloom),ì²œìƒì§€í¬ ë” ê·¸ë ˆì´ìŠ¤,Every channel is None or video duration is not between 60 and 600 seconds
2007,èŠ±éƒ½é–‹å¥½äº† (The Flowers Will Bloom),ì²œìƒì§€í¬ ë” ê·¸ë ˆì´ìŠ¤,No suitable video
2007,ì—´ì • (Passion),ì²œìƒì§€í¬ ë” ê·¸ë ˆì´ìŠ¤,Every channel is None or video duration is not between 60 and 600 seconds
2007,ì—´ì • (Passion),ì²œìƒì§€í¬ ë” ê·¸ë ˆì´ìŠ¤,No suitable video
2007,Donâ€™t Don (ëˆ ëˆ!),Super Junior,[0;31mERROR:[0m unable to download video data: HTTP Error 403: Forbidden
2007,Choosey Lover,TVXQ,Every channel is None or video duration is not between 60 and 600 seconds
2007,Choosey Lover,TVXQ,No suitable video
2007,Forever Love,TVXQ,Every channel is None or video duration is not between 60 and 600 seconds
2007,Forever Love,TVXQ,No suitable video
2008,In My Room (Unplugged Remix),SHINee,Every channel is None or video duration is not between 60 and 600 seconds
2008,In My Room (Unplugged Remix),SHINee,No suitable video
2008,EverySweetDay,ì•„ì´ìœ ,[0;31mERROR:[0m unable to download video data: HTTP Error 403: Forbidden
2009,Hot Issue (Remix),4Minute,Every channel is None or video duration is not between 60 and 600 seconds
2009,Hot Issue (Remix),4Minute,No suitable video
2009,Kiss,Rainbow,Every channel is None or video duration is not between 60 and 600 seconds
2009,Kiss,Rainbow,No suitable video
2009,Now or Never,CNBLUE (ì”¨ì—”ë¸”ë£¨),Every channel is None or video duration is not between 60 and 600 seconds
2009,Now or Never,CNBLUE (ì”¨ì—”ë¸”ë£¨),No suitable video
2010,Play That Music DJ (ê·¸ ìŒì•…ì„ í‹€ì–´ì¤˜ìš” DJ),Miss A,Every channel is None or video duration is not between 60 and 600 seconds
2010,Play That Music DJ (ê·¸ ìŒì•…ì„ í‹€ì–´ì¤˜ìš” DJ),Miss A,No suitable video
2010,Love Again (ë‹¤ì‹œ ì‚¬ë‘),Miss A,[0;31mERROR:[0m unable to download video data: HTTP Error 403: Forbidden
2010,"ìˆ˜ì˜í•´ (Swimming) (with Hyunyoung, Jisook)",Oh Seungah,Every channel is None or video duration is not between 60 and 600 seconds
2010,"ìˆ˜ì˜í•´ (Swimming) (with Hyunyoung, Jisook)",Oh Seungah,No suitable video
2010,Heartbreaker (Remix) (feat. Flo Rida),G-Dragon,[0;31mERROR:[0m unable to download video data: HTTP Error 403: Forbidden
2010,"ìˆ˜ì˜í•´ (Swimming) (with Seungah, Hyunyoung)",Kim Jisook,Every channel is None or video duration is not between 60 and 600 seconds
2010,"ìˆ˜ì˜í•´ (Swimming) (with Seungah, Hyunyoung)",Kim Jisook,No suitable video
2010,I Don't Care (Reggae Mix),2NE1,Every channel is None or video duration is not between 60 and 600 seconds
2010,I Don't Care (Reggae Mix),2NE1,No suitable video
2010,"ìˆ˜ì˜í•´ (Swimming) (with Seungah, Jisook)",Jo Hyunyoung,Every channel is None or video duration is not between 60 and 600 seconds
2010,"ìˆ˜ì˜í•´ (Swimming) (with Seungah, Jisook)",Jo Hyunyoung,No suitable video
2010,ëŒì´í‚¬ ìˆ˜ ì—†ëŠ” (Irreversible),Gain,Every channel is None or video duration is not between 60 and 600 seconds
2010,ëŒì´í‚¬ ìˆ˜ ì—†ëŠ” (Irreversible),Gain,No suitable video
2010,Snowy Wish,ì†Œë…€ì‹œëŒ€,[0;31mERROR:[0m unable to download video data: HTTP Error 403: Forbidden
2011,Perfection,Super Junior,Every channel is None or video duration is not between 60 and 600 seconds
2011,Perfection,Super Junior,No suitable video
2011,Ultra Lover,2PM,Every channel is None or video duration is not between 60 and 600 seconds
2011,Ultra Lover,2PM,No suitable video
2011,ê³ ë°± (Goodbye),ì²œìƒì§€í¬ ë” ê·¸ë ˆì´ìŠ¤-Dana & Sunday,Every channel is None or video duration is not between 60 and 600 seconds
2011,ê³ ë°± (Goodbye),ì²œìƒì§€í¬ ë” ê·¸ë ˆì´ìŠ¤-Dana & Sunday,No suitable video
2011,í–‡ì‚´ (Goodbye Lover),TraxX,Every channel is None or video duration is not between 60 and 600 seconds
2011,í–‡ì‚´ (Goodbye Lover),TraxX,No suitable video
2011,To Me (ë‚´ê²Œë¡œ),Rainbow,[0;31mERROR:[0m unable to download video data: HTTP Error 403: Forbidden
2011,Nothing's Over,ì¸í”¼ë‹ˆíŠ¸ (Infinite),Every channel is None or video duration is not between 60 and 600 seconds
2011,Nothing's Over,ì¸í”¼ë‹ˆíŠ¸ (Infinite),No suitable video
2011,Beautiful Hangover,BigBang,Every channel is None or video duration is not between 60 and 600 seconds
2011,Beautiful Hangover,BigBang,No suitable video
2011,NEVERLAND,U-KISS,Every channel is None or video duration is not between 60 and 600 seconds
2011,NEVERLAND,U-KISS,No suitable video
2011,Be My Baby (Ra.D Mix),Wonder Girls,Every channel is None or video duration is not between 60 and 600 seconds
2011,Be My Baby (Ra.D Mix),Wonder Girls,No suitable video
2012,Love is Only You,AOA (ì—ì´ì˜¤ì—ì´),[0;31mERROR:[0m unable to download video data: HTTP Error 403: Forbidden
2012,Never Let Go,A-JAX,Every channel is None or video duration is not between 60 and 600 seconds
2012,Never Let Go,A-JAX,No suitable video
2012,Movieâ€™s Over,ë¸”ë½ë¹„(Block B),Every channel is None or video duration is not between 60 and 600 seconds
2012,Movieâ€™s Over,ë¸”ë½ë¹„(Block B),No suitable video
2012,Not Over U,BoA,Every channel is None or video duration is not between 60 and 600 seconds
2012,Not Over U,BoA,No suitable video
2012,ì´ì   ì•„í”„ì§€ë§ˆìš” (Stop Hurting),Melody Day,Every channel is None or video duration is not between 60 and 600 seconds
2012,ì´ì   ì•„í”„ì§€ë§ˆìš” (Stop Hurting),Melody Day,No suitable video
2012,Severely (ì§€ë…í•˜ê²Œ),FTì•„ì¼ëœë“œ (FTISLAND),Every channel is None or video duration is not between 60 and 600 seconds
2012,Severely (ì§€ë…í•˜ê²Œ),FTì•„ì¼ëœë“œ (FTISLAND),No suitable video
2013,Forever,2PM,Every channel is None or video duration is not between 60 and 600 seconds
2013,Forever,2PM,No suitable video
2013,Very Good (Rough Ver.),ë¸”ë½ë¹„(Block B),Every channel is None or video duration is not between 60 and 600 seconds
2013,Very Good (Rough Ver.),ë¸”ë½ë¹„(Block B),No suitable video
2013,After a Long Time (é‡ä¼¤çš„å¿ƒ),Super Junior-M,Every channel is None or video duration is not between 60 and 600 seconds
2013,After a Long Time (é‡ä¼¤çš„å¿ƒ),Super Junior-M,No suitable video
2013,ì´ë ‡ê²Œ ë  ì¤„ ì•Œì•˜ì–´ (I Knew It Would Happen),Heo Ga-yoon,Every channel is None or video duration is not between 60 and 600 seconds
2013,ì´ë ‡ê²Œ ë  ì¤„ ì•Œì•˜ì–´ (I Knew It Would Happen),Heo Ga-yoon,No suitable video
2013,MaRedNight,History,Every channel is None or video duration is not between 60 and 600 seconds
2013,MaRedNight,History,No suitable video
2013,ë¶ˆê³µí‰í•´ (Unfair Love) (20's Choice Awards Special OST),ì¸í”¼ë‹ˆíŠ¸ (Infinite),Every channel is None or video duration is not between 60 and 600 seconds
2013,ë¶ˆê³µí‰í•´ (Unfair Love) (20's Choice Awards Special OST),ì¸í”¼ë‹ˆíŠ¸ (Infinite),No suitable video
2013,Everybody,SHINee,Every channel is None or video duration is not between 60 and 600 seconds
2013,Everybody,SHINee,No suitable video
2013,Like,BTS,[0;31mERROR:[0m unable to download video data: HTTP Error 403: Forbidden
2013,ë§¤ì¼ (Everyday) (with Tae In),Kim Jaekyung,Every channel is None or video duration is not between 60 and 600 seconds
2013,ë§¤ì¼ (Everyday) (with Tae In),Kim Jaekyung,No suitable video
2013,Snapshot,f(x),[0;31mERROR:[0m unable to download video data: HTTP Error 403: Forbidden
2014,Over the Destiny (ë‚˜íƒ€ë‚˜ ì£¼ë¼),2AM,Every channel is None or video duration is not between 60 and 600 seconds
2014,Over the Destiny (ë‚˜íƒ€ë‚˜ ì£¼ë¼),2AM,No suitable video
2014,This Ainâ€™t It,Taeyang,[0;31mERROR:[0m unable to download video data: HTTP Error 403: Forbidden
2014,History,ë¹„ìŠ¤íŠ¸,[0;31mERROR:[0m unable to download video data: HTTP Error 403: Forbidden
2014,Come Back Home (Unplugged Ver.),2NE1,Every channel is None or video duration is not between 60 and 600 seconds
2014,Come Back Home (Unplugged Ver.),2NE1,No suitable video
2014,ë„ ìŠì„ë˜ (Do It) (with From The Airport),Park Gyuri,Every channel is None or video duration is not between 60 and 600 seconds
2014,ë„ ìŠì„ë˜ (Do It) (with From The Airport),Park Gyuri,No suitable video
2014,í™©í˜¼ì˜ ë±ƒë…¸ë˜ (Sailor's Song),Sunny Hill,Every channel is None or video duration is not between 60 and 600 seconds
2014,í™©í˜¼ì˜ ë±ƒë…¸ë˜ (Sailor's Song),Sunny Hill,No suitable video
2014,ì¢‹ì•„ìš” (I Like It) (Slow Jam Remix),BTS,Every channel is None or video duration is not between 60 and 600 seconds
2014,ì¢‹ì•„ìš” (I Like It) (Slow Jam Remix),BTS,No suitable video
2014,Overdose,EXO,Every channel is None or video duration is not between 60 and 600 seconds
2014,Overdose,EXO,No suitable video
2014,NobodyNowhere(íƒœì–‘ì€ì—†ë‹¤),History,Every channel is None or video duration is not between 60 and 600 seconds
2014,NobodyNowhere(íƒœì–‘ì€ì—†ë‹¤),History,No suitable video
2014,You're My Everything,Melody Day,Every channel is None or video duration is not between 60 and 600 seconds
2014,You're My Everything,Melody Day,No suitable video
2014,í•œì”ë§Œ ë” í•˜ë©´ (One Sip),BTOB,Every channel is None or video duration is not between 60 and 600 seconds
2014,í•œì”ë§Œ ë” í•˜ë©´ (One Sip),BTOB,No suitable video
2014,The Story of Our Lives (feat. Megan Lee),g.o.d,Every channel is None or video duration is not between 60 and 600 seconds
2014,The Story of Our Lives (feat. Megan Lee),g.o.d,No suitable video
2014,Happening,BTOB,[0;31mERROR:[0m unable to download video data: HTTP Error 403: Forbidden
2014,Gain Weight (ì‚´ë§Œì°Œê³ ) (feat. Brave Brothers),4Minute,Every channel is None or video duration is not between 60 and 600 seconds
2014,Gain Weight (ì‚´ë§Œì°Œê³ ) (feat. Brave Brothers),4Minute,No suitable video
2014,Forever With You,Super Junior,Every channel is None or video duration is not between 60 and 600 seconds
2014,Forever With You,Super Junior,No suitable video
2015,Neverland (feat. G.NA),BTOB,Every channel is None or video duration is not between 60 and 600 seconds
2015,Neverland (feat. G.NA),BTOB,No suitable video
2015,ëª¨ë“ ê²Œ ì˜ë ê±°ì•¼ (Everythingâ€™s Good (Outro)),BTOB,Every channel is None or video duration is not between 60 and 600 seconds
2015,ëª¨ë“ ê²Œ ì˜ë ê±°ì•¼ (Everythingâ€™s Good (Outro)),BTOB,No suitable video
2015,Neverland,ì—¬ìì¹œêµ¬,Every channel is None or video duration is not between 60 and 600 seconds
2015,Neverland,ì—¬ìì¹œêµ¬,No suitable video
2015,ê¸°ê°€ ë§‰í˜€ (Awesome),N.Flying (ì—”í”Œë¼ì‰),[0;31mERROR:[0m unable to download video data: HTTP Error 403: Forbidden
2015,Kings for a Day,Lee Hong Gi (ì´í™ê¸°),[0;31mERROR:[0m unable to download video data: HTTP Error 403: Forbidden
2015,Rush,ëª¬ìŠ¤íƒ€ì—‘ìŠ¤(MONSTA X),Every channel is None or video duration is not between 60 and 600 seconds
2015,Rush,ëª¬ìŠ¤íƒ€ì—‘ìŠ¤(MONSTA X),No suitable video
2015,Outro: Love Is Not Over,BTS,Every channel is None or video duration is not between 60 and 600 seconds
2015,Outro: Love Is Not Over,BTS,No suitable video
2015,ì„±ì¸ì‹ (The 1st Collage),Son Dongwoon,Every channel is None or video duration is not between 60 and 600 seconds
2015,ì„±ì¸ì‹ (The 1st Collage),Son Dongwoon,No suitable video
2015,Boys' Record,ë¹…ìŠ¤ (VIXX),[0;31mERROR:[0m unable to download video data: HTTP Error 403: Forbidden
2015,Alive,SHINee,Every channel is None or video duration is not between 60 and 600 seconds
2015,Alive,SHINee,No suitable video
2015,One Thing,AOA (ì—ì´ì˜¤ì—ì´),[0;31mERROR:[0m unable to download video data: HTTP Error 403: Forbidden
2015,Chocolate,AOA (ì—ì´ì˜¤ì—ì´),[0;31mERROR:[0m unable to download video data: HTTP Error 403: Forbidden
2015,Dreamlover,KARA,Every channel is None or video duration is not between 60 and 600 seconds
2015,Dreamlover,KARA,No suitable video
2015,ê·¸ëŒ€ë¼ëŠ” ë©œë¡œë”” (Melody Called You),Oh Seungah,Every channel is None or video duration is not between 60 and 600 seconds
2015,ê·¸ëŒ€ë¼ëŠ” ë©œë¡œë”” (Melody Called You),Oh Seungah,No suitable video
2015,ë„ˆì—ê²Œ ë‹¿ê¸°ë¥¼ (Reach You),Kim Jisook,Every channel is None or video duration is not between 60 and 600 seconds
2015,ë„ˆì—ê²Œ ë‹¿ê¸°ë¥¼ (Reach You),Kim Jisook,No suitable video
2015,ê·¸ëŒ€ë¼ëŠ” ë©œë¡œë”” (Melody Called You),Jo Hyunyoung,Every channel is None or video duration is not between 60 and 600 seconds
2015,ê·¸ëŒ€ë¼ëŠ” ë©œë¡œë”” (Melody Called You),Jo Hyunyoung,No suitable video
2015,ì‚´ë‹¤ê°€,BTOB,Every channel is None or video duration is not between 60 and 600 seconds
2015,ì‚´ë‹¤ê°€,BTOB,No suitable video
2015,ëŠë‚Œì´ ì¢‹ì•„,BTOB,Every channel is None or video duration is not between 60 and 600 seconds
2015,ëŠë‚Œì´ ì¢‹ì•„,BTOB,No suitable video
2015,ê²ë‚˜ìš” (Yeoeun Solo),Melody Day,Every channel is None or video duration is not between 60 and 600 seconds
2015,ê²ë‚˜ìš” (Yeoeun Solo),Melody Day,No suitable video
2015,Hello,Fiestar,[0;31mERROR:[0m unable to download video data: HTTP Error 403: Forbidden
2016,Whenever(ê·¸ëŸ´ë•Œë©´)(DoKyunSolo),History,Every channel is None or video duration is not between 60 and 600 seconds
2016,Whenever(ê·¸ëŸ´ë•Œë©´)(DoKyunSolo),History,No suitable video
2016,Dear You,ëŸ¬ë¸”ë¦¬ì¦ˆ (Lovelyz),[0;31mERROR:[0m unable to download video data: HTTP Error 403: Forbidden
2016,Epilogue: Young Forever,BTS,Every channel is None or video duration is not between 60 and 600 seconds
2016,Epilogue: Young Forever,BTS,No suitable video
2016,ì¹¨ì°©í•´ (Composed),CLC,Every channel is None or video duration is not between 60 and 600 seconds
2016,ì¹¨ì°©í•´ (Composed),CLC,No suitable video
2016,ì´ë¦¬ì™€ì•¼ í•´ (Day By Day),CLC,Every channel is None or video duration is not between 60 and 600 seconds
2016,ì´ë¦¬ì™€ì•¼ í•´ (Day By Day),CLC,No suitable video
2016,ì•„ë¬´ë ‡ì§€ ì•Šë‹ˆ (Iâ€™m Bored),BTOB,Every channel is None or video duration is not between 60 and 600 seconds
2016,ì•„ë¬´ë ‡ì§€ ì•Šë‹ˆ (Iâ€™m Bored),BTOB,No suitable video
2016,Very Nice (ì•„ì£¼ NICE),ì„¸ë¸í‹´(SEVENTEEN),Every channel is None or video duration is not between 60 and 600 seconds
2016,Very Nice (ì•„ì£¼ NICE),ì„¸ë¸í‹´(SEVENTEEN),No suitable video
2016,ì·¨í•´,BTOB,[0;31mERROR:[0m unable to download video data: HTTP Error 403: Forbidden
2016,Sunshine,ì—¬ìì¹œêµ¬,[0;31mERROR:[0m unable to download video data: HTTP Error 403: Forbidden
2016,íœ˜íŒŒëŒ (Whistle) (Acoustic Ver.),BLACKPINK,Every channel is None or video duration is not between 60 and 600 seconds
2016,íœ˜íŒŒëŒ (Whistle) (Acoustic Ver.),BLACKPINK,No suitable video
2017,Love & Live,ì´ë‹¬ì˜ ì†Œë…€ (LOONA),Every channel is None or video duration is not between 60 and 600 seconds
2017,Love & Live,ì´ë‹¬ì˜ ì†Œë…€ (LOONA),No suitable video
2017,Prelude: í”ì  (Trace),Son Dongwoon,Every channel is None or video duration is not between 60 and 600 seconds
2017,Prelude: í”ì  (Trace),Son Dongwoon,No suitable video
2017,ê¿ˆì„ ê·¸ë¦¬ëŠ” ë‚  (My Sunday),ì´ë‹¬ì˜ ì†Œë…€ (LOONA),Every channel is None or video duration is not between 60 and 600 seconds
2017,ê¿ˆì„ ê·¸ë¦¬ëŠ” ë‚  (My Sunday),ì´ë‹¬ì˜ ì†Œë…€ (LOONA),No suitable video
2017,Everyday I Love You,ì´ë‹¬ì˜ ì†Œë…€ (LOONA),Every channel is None or video duration is not between 60 and 600 seconds
2017,Everyday I Love You,ì´ë‹¬ì˜ ì†Œë…€ (LOONA),No suitable video
2017,One & Only,ì´ë‹¬ì˜ ì†Œë…€ (LOONA),[0;31mERROR:[0m unable to download video data: HTTP Error 403: Forbidden
2017,ê¿ˆ (Dream) (feat. ë°•ì •í˜„ (Park Jung Hyun)),Lee Gikwang,Every channel is None or video duration is not between 60 and 600 seconds
2017,ê¿ˆ (Dream) (feat. ë°•ì •í˜„ (Park Jung Hyun)),Lee Gikwang,No suitable video
2017,Watch Out,SF9 (ì—ìŠ¤ì—í”„ë‚˜ì¸),[0;31mERROR:[0m unable to download video data: HTTP Error 403: Forbidden
2017,ì‚¬ë‘ì€ ë¬˜í•œ ê±°ë‹ˆê¹Œ (Shall We Love?),Im Hyunsik,Every channel is None or video duration is not between 60 and 600 seconds
2017,ì‚¬ë‘ì€ ë¬˜í•œ ê±°ë‹ˆê¹Œ (Shall We Love?),Im Hyunsik,No suitable video
2017,Shine Forever,ëª¬ìŠ¤íƒ€ì—‘ìŠ¤(MONSTA X),Every channel is None or video duration is not between 60 and 600 seconds
2017,Shine Forever,ëª¬ìŠ¤íƒ€ì—‘ìŠ¤(MONSTA X),No suitable video
2017,Crush,ì—¬ìì¹œêµ¬,[0;31mERROR:[0m unable to download video data: HTTP Error 403: Forbidden
2017,Itâ€™s Over,Pentagon,Every channel is None or video duration is not between 60 and 600 seconds
2017,Itâ€™s Over,Pentagon,No suitable video
2017,Ever,Lee Changsub,Every channel is None or video duration is not between 60 and 600 seconds
2017,Ever,Lee Changsub,No suitable video
2017,To Universe,Pentagon,Every channel is None or video duration is not between 60 and 600 seconds
2017,To Universe,Pentagon,No suitable video
2017,All Right,Pentagon,[0;31mERROR:[0m unable to download video data: HTTP Error 403: Forbidden
2017,Don't Recall (Hidden Version),KARD,Every channel is None or video duration is not between 60 and 600 seconds
2017,Don't Recall (Hidden Version),KARD,No suitable video
2017,Wish Upon A Star,SHINee,[0;31mERROR:[0m unable to download video data: HTTP Error 403: Forbidden
2017,Memory Clock (ì¶”ì–µì‹œê³„),Heo Youngji,Every channel is None or video duration is not between 60 and 600 seconds
2017,Memory Clock (ì¶”ì–µì‹œê³„),Heo Youngji,No suitable video
2017,Happily Ever After,Red Velvet,Every channel is None or video duration is not between 60 and 600 seconds
2017,Happily Ever After,Red Velvet,No suitable video
2017,"ì§€ê¸ˆ, ì—¬ê¸° ì´ëŒ€ë¡œ (Here I Am)",Sechs Kies,Every channel is None or video duration is not between 60 and 600 seconds
2017,"ì§€ê¸ˆ, ì—¬ê¸° ì´ëŒ€ë¡œ (Here I Am)",Sechs Kies,No suitable video
2017,Trigger the Fever,NCT Dream,Every channel is None or video duration is not between 60 and 600 seconds
2017,Trigger the Fever,NCT Dream,No suitable video
2017,"My Little Lover (Yoo Jiae,Seo Jisoo)",ëŸ¬ë¸”ë¦¬ì¦ˆ (Lovelyz),Every channel is None or video duration is not between 60 and 600 seconds
2017,"My Little Lover (Yoo Jiae,Seo Jisoo)",ëŸ¬ë¸”ë¦¬ì¦ˆ (Lovelyz),No suitable video
2017,The Real: N.Flying,N.Flying (ì—”í”Œë¼ì‰),Every channel is None or video duration is not between 60 and 600 seconds
2017,The Real: N.Flying,N.Flying (ì—”í”Œë¼ì‰),No suitable video
2017,Forever,EXO,Every channel is None or video duration is not between 60 and 600 seconds
2017,Forever,EXO,No suitable video
2018,I'm on My Way,KARD,Every channel is None or video duration is not between 60 and 600 seconds
2018,I'm on My Way,KARD,No suitable video
2018,Never Ending,ëŸ¬ë¸”ë¦¬ì¦ˆ (Lovelyz),Every channel is None or video duration is not between 60 and 600 seconds
2018,Never Ending,ëŸ¬ë¸”ë¦¬ì¦ˆ (Lovelyz),No suitable video
2018,Undercover,SHINee,Every channel is None or video duration is not between 60 and 600 seconds
2018,Undercover,SHINee,No suitable video
2018,Everyday,Winner,Every channel is None or video duration is not between 60 and 600 seconds
2018,Everyday,Winner,No suitable video
2018,Broken,DAY6,Every channel is None or video duration is not between 60 and 600 seconds
2018,Broken,DAY6,No suitable video
2018,Dimple (Pedal 2 LA Mix),BTS,Every channel is None or video duration is not between 60 and 600 seconds
2018,Dimple (Pedal 2 LA Mix),BTS,No suitable video
2018,Never Say Goodbye,SF9 (ì—ìŠ¤ì—í”„ë‚˜ì¸),Every channel is None or video duration is not between 60 and 600 seconds
2018,Never Say Goodbye,SF9 (ì—ìŠ¤ì—í”„ë‚˜ì¸),No suitable video
2018,ì„ íƒí•´ (Distance),CLC,Every channel is None or video duration is not between 60 and 600 seconds
2018,ì„ íƒí•´ (Distance),CLC,No suitable video
2018,Hey,Jimin (ì§€ë¯¼),Every channel is None or video duration is not between 60 and 600 seconds
2018,Hey,Jimin (ì§€ë¯¼),No suitable video
2018,Super Special (From Now Verivery Original Television Soundtrack),ë² ë¦¬ë² ë¦¬ (VERIVERY),Every channel is None or video duration is not between 60 and 600 seconds
2018,Super Special (From Now Verivery Original Television Soundtrack),ë² ë¦¬ë² ë¦¬ (VERIVERY),No suitable video
2018,Alchemy (with Ja Mezz and Dok2),Mino,[0;31mERROR:[0m unable to download video data: HTTP Error 403: Forbidden
2018,Clover,í”„ë¡œë¯¸ìŠ¤ë‚˜ì¸(fromis_9),Every channel is None or video duration is not between 60 and 600 seconds
2018,Clover,í”„ë¡œë¯¸ìŠ¤ë‚˜ì¸(fromis_9),No suitable video
2018,Treasure,ATEEZ (ì—ì´í‹°ì¦ˆ),Every channel is None or video duration is not between 60 and 600 seconds
2018,Treasure,ATEEZ (ì—ì´í‹°ì¦ˆ),No suitable video
2018,Over My Skin,í‹°íŒŒë‹ˆ,Every channel is None or video duration is not between 60 and 600 seconds
2018,Over My Skin,í‹°íŒŒë‹ˆ,No suitable video
2018,Cherry Kisses,ì²­í•˜,[0;31mERROR:[0m unable to download video data: HTTP Error 403: Forbidden
2018,Mixtape #1,Stray Kids,Every channel is None or video duration is not between 60 and 600 seconds
2018,Mixtape #1,Stray Kids,No suitable video
2018,Forever Young,BLACKPINK,Every channel is None or video duration is not between 60 and 600 seconds
2018,Forever Young,BLACKPINK,No suitable video
2018,ì–´ì©” ìˆ˜ ì—†ì§€ ë­ (Just Happened),DAY6,Every channel is None or video duration is not between 60 and 600 seconds
2018,ì–´ì©” ìˆ˜ ì—†ì§€ ë­ (Just Happened),DAY6,No suitable video
2018,Starting Over,CNBLUE (ì”¨ì—”ë¸”ë£¨),Every channel is None or video duration is not between 60 and 600 seconds
2018,Starting Over,CNBLUE (ì”¨ì—”ë¸”ë£¨),No suitable video
2019,ë´‰ë´‰ì‡¼ì½œë¼ (Bon Bon Chocolat),EVERGLOW,Every channel is None or video duration is not between 60 and 600 seconds
2019,ë´‰ë´‰ì‡¼ì½œë¼ (Bon Bon Chocolat),EVERGLOW,No suitable video
2019,Pray (feat. KREAM),Lee Gikwang,Every channel is None or video duration is not between 60 and 600 seconds
2019,Pray (feat. KREAM),Lee Gikwang,No suitable video
2019,Adios,EVERGLOW,Every channel is None or video duration is not between 60 and 600 seconds
2019,Adios,EVERGLOW,No suitable video
2019,Love Is Over,ë¡œì¼“í€ì¹˜ (Rocket Punch),Every channel is None or video duration is not between 60 and 600 seconds
2019,Love Is Over,ë¡œì¼“í€ì¹˜ (Rocket Punch),No suitable video
2019,ì†Œë¼ê²Œ (Crab),BVNDIT,Every channel is None or video duration is not between 60 and 600 seconds
2019,ì†Œë¼ê²Œ (Crab),BVNDIT,No suitable video
2019,Abandoned (original â€“ Basis),Brown Eyed Girls,Every channel is None or video duration is not between 60 and 600 seconds
2019,Abandoned (original â€“ Basis),Brown Eyed Girls,No suitable video
2019,You Are My Everything,Kang Sung-hoon,Every channel is None or video duration is not between 60 and 600 seconds
2019,You Are My Everything,Kang Sung-hoon,No suitable video
2019,Hello (ì‹ ë¹„í•œTV ì„œí”„ë¼ì´ì¦ˆ OST),ì‹ ë¹„,Every channel is None or video duration is not between 60 and 600 seconds
2019,Hello (ì‹ ë¹„í•œTV ì„œí”„ë¼ì´ì¦ˆ OST),ì‹ ë¹„,No suitable video
2019,I'm Home,ë¯¼í˜¸,[0;31mERROR:[0m unable to download video data: HTTP Error 403: Forbidden
2019,ë¦¬ë“œ (Ride),BVNDIT,Every channel is None or video duration is not between 60 and 600 seconds
2019,ë¦¬ë“œ (Ride),BVNDIT,No suitable video
2019,ì¹œêµ¬ (Friend),BVNDIT,Every channel is None or video duration is not between 60 and 600 seconds
2019,ì¹œêµ¬ (Friend),BVNDIT,No suitable video
2019,VERI-US,ë² ë¦¬ë² ë¦¬ (VERIVERY),Every channel is None or video duration is not between 60 and 600 seconds
2019,VERI-US,ë² ë¦¬ë² ë¦¬ (VERIVERY),No suitable video
2019,ëšœë‘ëšœë‘ (DDU-DU DDU-DU) (Remix),BLACKPINK,Every channel is None or video duration is not between 60 and 600 seconds
2019,ëšœë‘ëšœë‘ (DDU-DU DDU-DU) (Remix),BLACKPINK,No suitable video
2019,Seoul Town Road (Old Town Road Remix) (with Lil Nas X),RM,Every channel is None or video duration is not between 60 and 600 seconds
2019,Seoul Town Road (Old Town Road Remix) (with Lil Nas X),RM,No suitable video
2019,Getting Closer,ì„¸ë¸í‹´(SEVENTEEN),Every channel is None or video duration is not between 60 and 600 seconds
2019,Getting Closer,ì„¸ë¸í‹´(SEVENTEEN),No suitable video
2019,íŒŒë—ê²Œ (Blowin' Up),Lee Minhyuk,Every channel is None or video duration is not between 60 and 600 seconds
2019,íŒŒë—ê²Œ (Blowin' Up),Lee Minhyuk,No suitable video
2019,Tag Tag Tag (íƒœê·¸ íƒœê·¸ íƒœê·¸),ë² ë¦¬ë² ë¦¬ (VERIVERY),Every channel is None or video duration is not between 60 and 600 seconds
2019,Tag Tag Tag (íƒœê·¸ íƒœê·¸ íƒœê·¸),ë² ë¦¬ë² ë¦¬ (VERIVERY),No suitable video
2019,Fever,ì—¬ìì¹œêµ¬,Every channel is None or video duration is not between 60 and 600 seconds
2019,Fever,ì—¬ìì¹œêµ¬,No suitable video
2019,The Letter (Jea Solo) (original â€“ Kim Kwangjin),Brown Eyed Girls,Every channel is None or video duration is not between 60 and 600 seconds
2019,The Letter (Jea Solo) (original â€“ Kim Kwangjin),Brown Eyed Girls,No suitable video
2019,VERI-ABLE,ë² ë¦¬ë² ë¦¬ (VERIVERY),Every channel is None or video duration is not between 60 and 600 seconds
2019,VERI-ABLE,ë² ë¦¬ë² ë¦¬ (VERIVERY),No suitable video
2019,ì‚¬ë‘ì¼ê±°ì•¼ (It's Love),Lee Minhyuk,Every channel is None or video duration is not between 60 and 600 seconds
2019,ì‚¬ë‘ì¼ê±°ì•¼ (It's Love),Lee Minhyuk,No suitable video
2019,Everyday (Remix),Winner,Every channel is None or video duration is not between 60 and 600 seconds
2019,Everyday (Remix),Winner,No suitable video
2019,Ring Ring Ring (ë¶ˆëŸ¬ì¤˜),ë² ë¦¬ë² ë¦¬ (VERIVERY),Every channel is None or video duration is not between 60 and 600 seconds
2019,Ring Ring Ring (ë¶ˆëŸ¬ì¤˜),ë² ë¦¬ë² ë¦¬ (VERIVERY),No suitable video
2019,Goodbye With A Smile (original â€“ Lee Eunha & Kim Nayoung),Brown Eyed Girls,Every channel is None or video duration is not between 60 and 600 seconds
2019,Goodbye With A Smile (original â€“ Lee Eunha & Kim Nayoung),Brown Eyed Girls,No suitable video
2019,"Love Like A Spring Rain, Farewell Like A Winter Rain (Narsha Solo) (original â€“ Lim Hyunjung)",Brown Eyed Girls,Every channel is None or video duration is not between 60 and 600 seconds
2019,"Love Like A Spring Rain, Farewell Like A Winter Rain (Narsha Solo) (original â€“ Lim Hyunjung)",Brown Eyed Girls,No suitable video
2019,Love Only (Gain Solo) (original â€“ Sim Soobong),Brown Eyed Girls,Every channel is None or video duration is not between 60 and 600 seconds
2019,Love Only (Gain Solo) (original â€“ Sim Soobong),Brown Eyed Girls,No suitable video
2019,From Now (ë”± ì˜ë¼ì„œ ë§í•´),ë² ë¦¬ë² ë¦¬ (VERIVERY),Every channel is None or video duration is not between 60 and 600 seconds
2019,From Now (ë”± ì˜ë¼ì„œ ë§í•´),ë² ë¦¬ë² ë¦¬ (VERIVERY),No suitable video
2019,NEVER (Legal High OST Part.3),ê³¨ë“ ì°¨ì¼ë“œ,Every channel is None or video duration is not between 60 and 600 seconds
2019,NEVER (Legal High OST Part.3),ê³¨ë“ ì°¨ì¼ë“œ,No suitable video
2019,ì‚ë¦¬ë¹ ë¹  (Bbi Ri Bba Bba) (Remix),Narsha,[0;31mERROR:[0m unable to download video data: HTTP Error 403: Forbidden
2019,Happy Ending (Korean Ver.),ì„¸ë¸í‹´(SEVENTEEN),Every channel is None or video duration is not between 60 and 600 seconds
2019,Happy Ending (Korean Ver.),ì„¸ë¸í‹´(SEVENTEEN),No suitable video
2019,Hit,ì„¸ë¸í‹´(SEVENTEEN),[0;31mERROR:[0m unable to download video data: HTTP Error 403: Forbidden
2020,First Collection,SF9 (ì—ìŠ¤ì—í”„ë‚˜ì¸),[0;31mERROR:[0m unable to download video data: HTTP Error 403: Forbidden
2020,Wonderland (Sean Ohâ€™s Skrt Mix),ATEEZ (ì—ì´í‹°ì¦ˆ),Every channel is None or video duration is not between 60 and 600 seconds
2020,Wonderland (Sean Ohâ€™s Skrt Mix),ATEEZ (ì—ì´í‹°ì¦ˆ),No suitable video
2020,Butter (Holiday Remix),BTS,Every channel is None or video duration is not between 60 and 600 seconds
2020,Butter (Holiday Remix),BTS,No suitable video
2020,Love Resembling Memories (ì‚¬ë‘ ê¸°ì–µìœ¼ë¡œ),Yook Sungjae,Every channel is None or video duration is not between 60 and 600 seconds
2020,Love Resembling Memories (ì‚¬ë‘ ê¸°ì–µìœ¼ë¡œ),Yook Sungjae,No suitable video
2020,Have a Nice Day (ì„œíˆ° í•˜ë£¨),Seo Eunkwang,Every channel is None or video duration is not between 60 and 600 seconds
2020,Have a Nice Day (ì„œíˆ° í•˜ë£¨),Seo Eunkwang,No suitable video
2020,"ê³¼ê±° í˜„ì¬ ë¯¸ë˜ (Then,Now and Forever)",CNBLUE (ì”¨ì—”ë¸”ë£¨),Every channel is None or video duration is not between 60 and 600 seconds
2020,"ê³¼ê±° í˜„ì¬ ë¯¸ë˜ (Then,Now and Forever)",CNBLUE (ì”¨ì—”ë¸”ë£¨),No suitable video
2020,Crazy Over You,BLACKPINK,Every channel is None or video duration is not between 60 and 600 seconds
2020,Crazy Over You,BLACKPINK,No suitable video
2020,Lay Back,ë² ë¦¬ë² ë¦¬ (VERIVERY),Every channel is None or video duration is not between 60 and 600 seconds
2020,Lay Back,ë² ë¦¬ë² ë¦¬ (VERIVERY),No suitable video
2020,Bad Alive,WayV,Every channel is None or video duration is not between 60 and 600 seconds
2020,Bad Alive,WayV,No suitable video
2020,So Gravity (ì†Œì¤‘ë ¥),ë² ë¦¬ë² ë¦¬ (VERIVERY),Every channel is None or video duration is not between 60 and 600 seconds
2020,So Gravity (ì†Œì¤‘ë ¥),ë² ë¦¬ë² ë¦¬ (VERIVERY),No suitable video
2020,SKYDIVE,ë² ë¦¬ë² ë¦¬ (VERIVERY),Every channel is None or video duration is not between 60 and 600 seconds
2020,SKYDIVE,ë² ë¦¬ë² ë¦¬ (VERIVERY),No suitable video
2020,Gone Days (Mixtape: Gone Days),Stray Kids,Every channel is None or video duration is not between 60 and 600 seconds
2020,Gone Days (Mixtape: Gone Days),Stray Kids,No suitable video
2020,FACE YOU,ë² ë¦¬ë² ë¦¬ (VERIVERY),Every channel is None or video duration is not between 60 and 600 seconds
2020,FACE YOU,ë² ë¦¬ë² ë¦¬ (VERIVERY),No suitable video
2020,Hop In (feat. DPR LIVE),Mino,Every channel is None or video duration is not between 60 and 600 seconds
2020,Hop In (feat. DPR LIVE),Mino,No suitable video
2020,Ting Ting Ting (feat. Oliver Heldens),ITZY,Every channel is None or video duration is not between 60 and 600 seconds
2020,Ting Ting Ting (feat. Oliver Heldens),ITZY,No suitable video
2020,Knock On Wood,Red Velvet,[0;31mERROR:[0m unable to download video data: HTTP Error 403: Forbidden
2020,Fever,ATEEZ (ì—ì´í‹°ì¦ˆ),Every channel is None or video duration is not between 60 and 600 seconds
2020,Fever,ATEEZ (ì—ì´í‹°ì¦ˆ),No suitable video
2020,Uncover (Sung by Seulgi),ì•„ì´ë¦°&ìŠ¬ê¸°,Every channel is None or video duration is not between 60 and 600 seconds
2020,Uncover (Sung by Seulgi),ì•„ì´ë¦°&ìŠ¬ê¸°,No suitable video
2020,Boyager,ë“œë¦¬í•€ (DRIPPIN),[0;31mERROR:[0m unable to download video data: HTTP Error 403: Forbidden
2020,Everyday We Fight,DAY6,Every channel is None or video duration is not between 60 and 600 seconds
2020,Everyday We Fight,DAY6,No suitable video
2020,My Friends,Boy Story,Every channel is None or video duration is not between 60 and 600 seconds
2020,My Friends,Boy Story,No suitable video
2020,WW,Boy Story,Every channel is None or video duration is not between 60 and 600 seconds
2020,WW,Boy Story,No suitable video
2020,DUN DUN,EVERGLOW,Every channel is None or video duration is not between 60 and 600 seconds
2020,DUN DUN,EVERGLOW,No suitable video
2020,LA DI DA,EVERGLOW,Every channel is None or video duration is not between 60 and 600 seconds
2020,LA DI DA,EVERGLOW,No suitable video
2021,FIRST,EVERGLOW,Every channel is None or video duration is not between 60 and 600 seconds
2021,FIRST,EVERGLOW,No suitable video
2021,DONâ€™T ASK DONâ€™T TELL,EVERGLOW,Every channel is None or video duration is not between 60 and 600 seconds
2021,DONâ€™T ASK DONâ€™T TELL,EVERGLOW,No suitable video
2021,A Better Tomorrow,ë“œë¦¬í•€ (DRIPPIN),[0;31mERROR:[0m unable to download video data: HTTP Error 403: Forbidden
2021,Break Up 2 Make Up (ft. Zion.T),ì§€ì½”(Zico),Every channel is None or video duration is not between 60 and 600 seconds
2021,Break Up 2 Make Up (ft. Zion.T),ì§€ì½”(Zico),No suitable video
2021,Pirate,EVERGLOW,Every channel is None or video duration is not between 60 and 600 seconds
2021,Pirate,EVERGLOW,No suitable video
2021,Donâ€™t Speak,EVERGLOW,Every channel is None or video duration is not between 60 and 600 seconds
2021,Donâ€™t Speak,EVERGLOW,No suitable video
2021,Trigger,ë² ë¦¬ë² ë¦¬ (VERIVERY),Every channel is None or video duration is not between 60 and 600 seconds
2021,Trigger,ë² ë¦¬ë² ë¦¬ (VERIVERY),No suitable video
2021,Company,EVERGLOW,[0;31mERROR:[0m unable to download video data: HTTP Error 403: Forbidden
2021,My Universe (with Coldplay),BTS,Every channel is None or video duration is not between 60 and 600 seconds
2021,My Universe (with Coldplay),BTS,No suitable video
2021,SERIES â€˜Oâ€™ [ROUND 1 : HALL],ë² ë¦¬ë² ë¦¬ (VERIVERY),Every channel is None or video duration is not between 60 and 600 seconds
2021,SERIES â€˜Oâ€™ [ROUND 1 : HALL],ë² ë¦¬ë² ë¦¬ (VERIVERY),No suitable video
2021,Get Away,ë² ë¦¬ë² ë¦¬ (VERIVERY),Every channel is None or video duration is not between 60 and 600 seconds
2021,Get Away,ë² ë¦¬ë² ë¦¬ (VERIVERY),No suitable video
2021,ìŠˆí¼ ì°¸ì¹˜ (Super Tuna),Jin,Every channel is None or video duration is not between 60 and 600 seconds
2021,ìŠˆí¼ ì°¸ì¹˜ (Super Tuna),Jin,No suitable video
2021,"ì‹ ë¹„,ì—„ì§€,LOVEADE (with VIVIZ)",ì€í•˜,Every channel is None or video duration is not between 60 and 600 seconds
2021,"ì‹ ë¹„,ì—„ì§€,LOVEADE (with VIVIZ)",ì€í•˜,No suitable video
2021,Forever (ì•½ì†),aespa,Every channel is None or video duration is not between 60 and 600 seconds
2021,Forever (ì•½ì†),aespa,No suitable video
2021,Red Hot Summer (ëœ¨ê±°ìš´ ì—¬ë¦„ë°¤ì€ ê°€ê³  ë‚¨ì€ ê±´ ë³¼í’ˆì—†ì§€ë§Œ),ë¼ë¶,Every channel is None or video duration is not between 60 and 600 seconds
2021,Red Hot Summer (ëœ¨ê±°ìš´ ì—¬ë¦„ë°¤ì€ ê°€ê³  ë‚¨ì€ ê±´ ë³¼í’ˆì—†ì§€ë§Œ),ë¼ë¶,No suitable video
2021,Dearest,N.Flying (ì—”í”Œë¼ì‰),Every channel is None or video duration is not between 60 and 600 seconds
2021,Dearest,N.Flying (ì—”í”Œë¼ì‰),No suitable video
2021,We Are The One,ë¼ë¶,[0;31mERROR:[0m unable to download video data: HTTP Error 403: Forbidden
2021,Good Night,Seo Eunkwang,Every channel is None or video duration is not between 60 and 600 seconds
2021,Good Night,Seo Eunkwang,No suitable video
2021,Forever Love,Seo Eunkwang,Every channel is None or video duration is not between 60 and 600 seconds
2021,Forever Love,Seo Eunkwang,No suitable video
2021,Mixed Up,ì—”í•˜ì´í”ˆ (ENHYPEN),Every channel is None or video duration is not between 60 and 600 seconds
2021,Mixed Up,ì—”í•˜ì´í”ˆ (ENHYPEN),No suitable video
2021,Turn Over,SF9 (ì—ìŠ¤ì—í”„ë‚˜ì¸),Every channel is None or video duration is not between 60 and 600 seconds
2021,Turn Over,SF9 (ì—ìŠ¤ì—í”„ë‚˜ì¸),No suitable video
2021,Believer (ìˆ¨),SF9 (ì—ìŠ¤ì—í”„ë‚˜ì¸),Every channel is None or video duration is not between 60 and 600 seconds
2021,Believer (ìˆ¨),SF9 (ì—ìŠ¤ì—í”„ë‚˜ì¸),No suitable video
2021,Fever,ì—”í•˜ì´í”ˆ (ENHYPEN),Every channel is None or video duration is not between 60 and 600 seconds
2021,Fever,ì—”í•˜ì´í”ˆ (ENHYPEN),No suitable video
2021,FEVER,ì—”í•˜ì´í”ˆ (ENHYPEN),Every channel is None or video duration is not between 60 and 600 seconds
2021,FEVER,ì—”í•˜ì´í”ˆ (ENHYPEN),No suitable video
2021,Mixtape,Lee Hong Gi (ì´í™ê¸°),Every channel is None or video duration is not between 60 and 600 seconds
2021,Mixtape,Lee Hong Gi (ì´í™ê¸°),No suitable video
2021,Universe (Letâ€™s Play Ball),NCT 2021,Every channel is None or video duration is not between 60 and 600 seconds
2021,Universe (Letâ€™s Play Ball),NCT 2021,No suitable video
2021,ë¤ë¤ (DUMB DUMB),ì „ì†Œë¯¸,Every channel is None or video duration is not between 60 and 600 seconds
2021,ë¤ë¤ (DUMB DUMB),ì „ì†Œë¯¸,No suitable video
2021,"Red Lights (Bang Chan,Hyunjin)",Stray Kids,Every channel is None or video duration is not between 60 and 600 seconds
2021,"Red Lights (Bang Chan,Hyunjin)",Stray Kids,No suitable video
2021,The Feels,TWICE,Every channel is None or video duration is not between 60 and 600 seconds
2021,The Feels,TWICE,No suitable video
2021,Vertigo,ë“œë¦¬í•€ (DRIPPIN),Every channel is None or video duration is not between 60 and 600 seconds
2021,Vertigo,ë“œë¦¬í•€ (DRIPPIN),No suitable video
2021,HiSpringBye,ì•„ì´ìœ ,[0;31mERROR:[0m unable to download video data: HTTP Error 403: Forbidden
2021,Upper Side Dreaminâ€™,ì—”í•˜ì´í”ˆ (ENHYPEN),Every channel is None or video duration is not between 60 and 600 seconds
2021,Upper Side Dreaminâ€™,ì—”í•˜ì´í”ˆ (ENHYPEN),No suitable video
2021,The View,Stray Kids,[0;31mERROR:[0m unable to download video data: HTTP Error 403: Forbidden
2021,XXXX,ì²­í•˜,[0;31mERROR:[0m unable to download video data: HTTP Error 403: Forbidden
2021,ì´ˆì½”ì¹˜ì¦ˆë³¼ (The Road),ì›¬ë””,Every channel is None or video duration is not between 60 and 600 seconds
2021,ì´ˆì½”ì¹˜ì¦ˆë³¼ (The Road),ì›¬ë””,No suitable video
2021,Lover Like Me,CL,Every channel is None or video duration is not between 60 and 600 seconds
2021,Lover Like Me,CL,No suitable video
2021,ê¸´ ê¿ˆ (Rebirth),B.I.,[0;31mERROR:[0m unable to download video data: HTTP Error 403: Forbidden
2022,Before Anyone Else,ìµœì˜ˆë‚˜,[0;31mERROR:[0m unable to download video data: HTTP Error 403: Forbidden
2022,ë§ë¦¬ì§€ ë§ˆ (Never Stop Me),(G)I-DLE,Every channel is None or video duration is not between 60 and 600 seconds
2022,ë§ë¦¬ì§€ ë§ˆ (Never Stop Me),(G)I-DLE,No suitable video
2022,Can't Stop Shining,Tempest,[0;31mERROR:[0m unable to download video data: HTTP Error 403: Forbidden
2022,Love Your Everything (Moonshine OST Part.9),ê³¨ë“ ì°¨ì¼ë“œ,Every channel is None or video duration is not between 60 and 600 seconds
2022,Love Your Everything (Moonshine OST Part.9),ê³¨ë“ ì°¨ì¼ë“œ,No suitable video
2022,ESCAPE,(G)I-DLE,[0;31mERROR:[0m unable to download video data: HTTP Error 403: Forbidden
2022,Puppy,NiziU,Every channel is None or video duration is not between 60 and 600 seconds
2022,Puppy,NiziU,No suitable video
2022,COCONUT,NiziU,Every channel is None or video duration is not between 60 and 600 seconds
2022,COCONUT,NiziU,No suitable video
2022,Future Perfect (Pass the MIC),ì—”í•˜ì´í”ˆ (ENHYPEN),Every channel is None or video duration is not between 60 and 600 seconds
2022,Future Perfect (Pass the MIC),ì—”í•˜ì´í”ˆ (ENHYPEN),No suitable video
2022,MVSK,ì¼€í”ŒëŸ¬ (Kep1er),Every channel is None or video duration is not between 60 and 600 seconds
2022,MVSK,ì¼€í”ŒëŸ¬ (Kep1er),No suitable video
2022,O.O (Ad Mare),NMIXX,Every channel is None or video duration is not between 60 and 600 seconds
2022,O.O (Ad Mare),NMIXX,No suitable video
2022,Dice (Entwurf),NMIXX,Every channel is None or video duration is not between 60 and 600 seconds
2022,Dice (Entwurf),NMIXX,No suitable video
2022,Entwurf,NMIXX,Every channel is None or video duration is not between 60 and 600 seconds
2022,Entwurf,NMIXX,No suitable video
2022,Funky Glitter Christmas (Non-album single),NMIXX,Every channel is None or video duration is not between 60 and 600 seconds
2022,Funky Glitter Christmas (Non-album single),NMIXX,No suitable video
2022,Ad Mare,NMIXX,Every channel is None or video duration is not between 60 and 600 seconds
2022,Ad Mare,NMIXX,No suitable video
2022,Venom,Stray Kids,Every channel is None or video duration is not between 60 and 600 seconds
2022,Venom,Stray Kids,No suitable video
2022,O.O.O (Over&Over&Over) (Kep1er Ver.),ì¼€í”ŒëŸ¬ (Kep1er),Every channel is None or video duration is not between 60 and 600 seconds
2022,O.O.O (Over&Over&Over) (Kep1er Ver.),ì¼€í”ŒëŸ¬ (Kep1er),No suitable video
2022,CLOWN,TREASURE,Every channel is None or video duration is not between 60 and 600 seconds
2022,CLOWN,TREASURE,No suitable video
2022,VIVID,í¬ë˜ë¹„í‹°(CRAVITY),Every channel is None or video duration is not between 60 and 600 seconds
2022,VIVID,í¬ë˜ë¹„í‹°(CRAVITY),No suitable video
2022,Stay Alive,í”„ë¡œë¯¸ìŠ¤ë‚˜ì¸(fromis_9),Every channel is None or video duration is not between 60 and 600 seconds
2022,Stay Alive,í”„ë¡œë¯¸ìŠ¤ë‚˜ì¸(fromis_9),No suitable video
2022,Happy Hour,KARA,[0;31mERROR:[0m unable to download video data: HTTP Error 403: Forbidden
2022,With Universe (ì•½ì†),Pentagon,Every channel is None or video duration is not between 60 and 600 seconds
2022,With Universe (ì•½ì†),Pentagon,No suitable video
2022,Driver,SF9 (ì—ìŠ¤ì—í”„ë‚˜ì¸),Every channel is None or video duration is not between 60 and 600 seconds
2022,Driver,SF9 (ì—ìŠ¤ì—í”„ë‚˜ì¸),No suitable video
2022,ALIVE,LIGHTSUM,Every channel is None or video duration is not between 60 and 600 seconds
2022,ALIVE,LIGHTSUM,No suitable video
2022,Doom Du Doom (ë‘ ë‘ë‘ ),P1Harmony (í”¼ì›í•˜ëª¨ë‹ˆ),Every channel is None or video duration is not between 60 and 600 seconds
2022,Doom Du Doom (ë‘ ë‘ë‘ ),P1Harmony (í”¼ì›í•˜ëª¨ë‹ˆ),No suitable video
2022,With You (with Ha Sung-woon),Jimin,Every channel is None or video duration is not between 60 and 600 seconds
2022,With You (with Ha Sung-woon),Jimin,No suitable video
2022,BFF (Best Friends Forever),P1Harmony (í”¼ì›í•˜ëª¨ë‹ˆ),Every channel is None or video duration is not between 60 and 600 seconds
2022,BFF (Best Friends Forever),P1Harmony (í”¼ì›í•˜ëª¨ë‹ˆ),No suitable video
2022,SERIES â€˜Oâ€™ [ROUND 3 : WHOLE],ë² ë¦¬ë² ë¦¬ (VERIVERY),Every channel is None or video duration is not between 60 and 600 seconds
2022,SERIES â€˜Oâ€™ [ROUND 3 : WHOLE],ë² ë¦¬ë² ë¦¬ (VERIVERY),No suitable video
2022,Coming Over,ë² ë¦¬ë² ë¦¬ (VERIVERY),Every channel is None or video duration is not between 60 and 600 seconds
2022,Coming Over,ë² ë¦¬ë² ë¦¬ (VERIVERY),No suitable video
2022,Undercover,ë² ë¦¬ë² ë¦¬ (VERIVERY),Every channel is None or video duration is not between 60 and 600 seconds
2022,Undercover,ë² ë¦¬ë² ë¦¬ (VERIVERY),No suitable video
2022,Stuck On You,DAY6,Every channel is None or video duration is not between 60 and 600 seconds
2022,Stuck On You,DAY6,No suitable video
2022,SERIES â€˜Oâ€™ [ROUND 0 : WHO],ë² ë¦¬ë² ë¦¬ (VERIVERY),Every channel is None or video duration is not between 60 and 600 seconds
2022,SERIES â€˜Oâ€™ [ROUND 0 : WHO],ë² ë¦¬ë² ë¦¬ (VERIVERY),No suitable video
2022,Tap Tap,ë² ë¦¬ë² ë¦¬ (VERIVERY),Every channel is None or video duration is not between 60 and 600 seconds
2022,Tap Tap,ë² ë¦¬ë² ë¦¬ (VERIVERY),No suitable video
2022,Candle (ëª¨ë“  ìˆœê°„ë“¤ì˜ ë„ ì¶•í•˜í•´),ë² ë¦¬ë² ë¦¬ (VERIVERY),Every channel is None or video duration is not between 60 and 600 seconds
2022,Candle (ëª¨ë“  ìˆœê°„ë“¤ì˜ ë„ ì¶•í•˜í•´),ë² ë¦¬ë² ë¦¬ (VERIVERY),No suitable video
2022,Forever 1,ì†Œë…€ì‹œëŒ€,Every channel is None or video duration is not between 60 and 600 seconds
2022,Forever 1,ì†Œë…€ì‹œëŒ€,No suitable video
2022,The Killa,ìœ ì£¼,[0;31mERROR:[0m unable to download video data: HTTP Error 403: Forbidden
2022,Freak (ê´´ì§œ),ì§€ì½”(Zico),Every channel is None or video duration is not between 60 and 600 seconds
2022,Freak (ê´´ì§œ),ì§€ì½”(Zico),No suitable video
2023,Vibe,í¬ë˜ë¹„í‹°(CRAVITY),Every channel is None or video duration is not between 60 and 600 seconds
2023,Vibe,í¬ë˜ë¹„í‹°(CRAVITY),No suitable video
2023,Psychic Lover,ITZY,Every channel is None or video duration is not between 60 and 600 seconds
2023,Psychic Lover,ITZY,No suitable video
2023,No Big Deal,Yuqi,Every channel is None or video duration is not between 60 and 600 seconds
2023,No Big Deal,Yuqi,No suitable video
2023,Selfish,Yuqi,Every channel is None or video duration is not between 60 and 600 seconds
2023,Selfish,Yuqi,No suitable video
2023,Galileo (ê°ˆë¦´ë ˆì˜¤),ì¼€í”ŒëŸ¬ (Kep1er),Every channel is None or video duration is not between 60 and 600 seconds
2023,Galileo (ê°ˆë¦´ë ˆì˜¤),ì¼€í”ŒëŸ¬ (Kep1er),No suitable video
2023,ExpÃ©rgo,NMIXX,Every channel is None or video duration is not between 60 and 600 seconds
2023,ExpÃ©rgo,NMIXX,No suitable video
2023,"Young,Dumb,Stupid (ExpÃ©rgo)",NMIXX,Every channel is None or video duration is not between 60 and 600 seconds
2023,"Young,Dumb,Stupid (ExpÃ©rgo)",NMIXX,No suitable video
2023,A Midsummer Nmixx's Dream,NMIXX,Every channel is None or video duration is not between 60 and 600 seconds
2023,A Midsummer Nmixx's Dream,NMIXX,No suitable video
2023,Vibe (feat. Jimin of BTS),Taeyang,Every channel is None or video duration is not between 60 and 600 seconds
2023,Vibe (feat. Jimin of BTS),Taeyang,No suitable video
2023,"Got You (Kim Chaehyun,Kim Dayeon,Seo Youngeun) (Shinbiâ€™s Haunted House Season 5 OST)",ì¼€í”ŒëŸ¬ (Kep1er),Every channel is None or video duration is not between 60 and 600 seconds
2023,"Got You (Kim Chaehyun,Kim Dayeon,Seo Youngeun) (Shinbiâ€™s Haunted House Season 5 OST)",ì¼€í”ŒëŸ¬ (Kep1er),No suitable video
2023,Roller Coaster (A Midsummer Nmixx's Dream),NMIXX,Every channel is None or video duration is not between 60 and 600 seconds
2023,Roller Coaster (A Midsummer Nmixx's Dream),NMIXX,No suitable video
2023,Love Me Like This (ExpÃ©rgo),NMIXX,Every channel is None or video duration is not between 60 and 600 seconds
2023,Love Me Like This (ExpÃ©rgo),NMIXX,No suitable video
2023,The Piece OF9,SF9 (ì—ìŠ¤ì—í”„ë‚˜ì¸),Every channel is None or video duration is not between 60 and 600 seconds
2023,The Piece OF9,SF9 (ì—ìŠ¤ì—í”„ë‚˜ì¸),No suitable video
2023,Wave,Taeyang,Every channel is None or video duration is not between 60 and 600 seconds
2023,Wave,Taeyang,No suitable video
2023,Hot Sauce,Red Velvet,Every channel is None or video duration is not between 60 and 600 seconds
2023,Hot Sauce,Red Velvet,No suitable video
2023,Wake Up,Red Velvet,Every channel is None or video duration is not between 60 and 600 seconds
2023,Wake Up,Red Velvet,No suitable video
2023,Nightfall (feat. Bryan Chase),Taeyang,[0;31mERROR:[0m unable to download video data: HTTP Error 403: Forbidden
2023,Cool (Your Be),Stray Kids,Every channel is None or video duration is not between 60 and 600 seconds
2023,Cool (Your Be),Stray Kids,No suitable video
2023,Alive,ë¡œì¼“í€ì¹˜ (Rocket Punch),Every channel is None or video duration is not between 60 and 600 seconds
2023,Alive,ë¡œì¼“í€ì¹˜ (Rocket Punch),No suitable video
2023,Talk Saxy,RIIZE,[0;31mERROR:[0m unable to download video data: HTTP Error 403: Forbidden
2023,Save Me,Jung Yong Hwa (ì •ìš©í™”),Every channel is None or video duration is not between 60 and 600 seconds
2023,Save Me,Jung Yong Hwa (ì •ìš©í™”),No suitable video
2023,Close To You,Jung Yong Hwa (ì •ìš©í™”),Every channel is None or video duration is not between 60 and 600 seconds
2023,Close To You,Jung Yong Hwa (ì •ìš©í™”),No suitable video
2023,LOVESTRUCK!,ì¼€í”ŒëŸ¬ (Kep1er),Every channel is None or video duration is not between 60 and 600 seconds
2023,LOVESTRUCK!,ì¼€í”ŒëŸ¬ (Kep1er),No suitable video
2023,Fact Check,NCT 127,Every channel is None or video duration is not between 60 and 600 seconds
2023,Fact Check,NCT 127,No suitable video
2023,Dangerous (ë‚œì¥),Tempest,Every channel is None or video duration is not between 60 and 600 seconds
2023,Dangerous (ë‚œì¥),Tempest,No suitable video
2023,Intro; Love Is Over,ìµœì˜ˆë‚˜,Every channel is None or video duration is not between 60 and 600 seconds
2023,Intro; Love Is Over,ìµœì˜ˆë‚˜,No suitable video
2023,Oh Ma Ma God,EVERGLOW,Every channel is None or video duration is not between 60 and 600 seconds
2023,Oh Ma Ma God,EVERGLOW,No suitable video
2023,I AM,ì•„ì´ë¸Œ(IVE),[0;31mERROR:[0m unable to download video data: HTTP Error 403: Forbidden
2023,Groovy,í¬ë˜ë¹„í‹°(CRAVITY),[0;31mERROR:[0m unable to download video data: HTTP Error 403: Forbidden
2023,If I Hug You (ì•ˆì•„ì£¼ë©´),Im Hyunsik,Every channel is None or video duration is not between 60 and 600 seconds
2023,If I Hug You (ì•ˆì•„ì£¼ë©´),Im Hyunsik,No suitable video
2023,Mine,ì•„ì´ë¸Œ(IVE),Every channel is None or video duration is not between 60 and 600 seconds
2023,Mine,ì•„ì´ë¸Œ(IVE),No suitable video
2023,Stay Alive,Jungkook,Every channel is None or video duration is not between 60 and 600 seconds
2023,Stay Alive,Jungkook,No suitable video
2023,Seven (feat. Latto),Jungkook,Every channel is None or video duration is not between 60 and 600 seconds
2023,Seven (feat. Latto),Jungkook,No suitable video
2023,3D (feat. Jack Harlow),Jungkook,Every channel is None or video duration is not between 60 and 600 seconds
2023,3D (feat. Jack Harlow),Jungkook,No suitable video
2023,ì •ì‹  ë‚˜ê°ˆ ê²ƒ ê°™ì•„,êµ¬ì¤€íšŒ,Every channel is None or video duration is not between 60 and 600 seconds
2023,ì •ì‹  ë‚˜ê°ˆ ê²ƒ ê°™ì•„,êµ¬ì¤€íšŒ,No suitable video
2023,Paradigm,ATEEZ (ì—ì´í‹°ì¦ˆ),[0;31mERROR:[0m unable to download video data: HTTP Error 403: Forbidden
2023,Liminality â€“ EP.DREAM,ë² ë¦¬ë² ë¦¬ (VERIVERY),Every channel is None or video duration is not between 60 and 600 seconds
2023,Liminality â€“ EP.DREAM,ë² ë¦¬ë² ë¦¬ (VERIVERY),No suitable video
2023,Utopia (Japanese Ver.),ATEEZ (ì—ì´í‹°ì¦ˆ),Every channel is None or video duration is not between 60 and 600 seconds
2023,Utopia (Japanese Ver.),ATEEZ (ì—ì´í‹°ì¦ˆ),No suitable video
2023,Crazy Like That,ë² ë¦¬ë² ë¦¬ (VERIVERY),Every channel is None or video duration is not between 60 and 600 seconds
2023,Crazy Like That,ë² ë¦¬ë² ë¦¬ (VERIVERY),No suitable video
2023,Say My Name,8TURN,[0;31mERROR:[0m unable to download video data: HTTP Error 403: Forbidden
2023,Wave (Ollounderâ€™s Bold Dynamics Mix),ATEEZ (ì—ì´í‹°ì¦ˆ),Every channel is None or video duration is not between 60 and 600 seconds
2023,Wave (Ollounderâ€™s Bold Dynamics Mix),ATEEZ (ì—ì´í‹°ì¦ˆ),No suitable video
2023,Get Up,ë‰´ì§„ìŠ¤(NewJeans),Every channel is None or video duration is not between 60 and 600 seconds
2023,Get Up,ë‰´ì§„ìŠ¤(NewJeans),No suitable video
2023,ì–´ëŠìƒˆ (Suddenly),ì •ì°¬ìš°,Every channel is None or video duration is not between 60 and 600 seconds
2023,ì–´ëŠìƒˆ (Suddenly),ì •ì°¬ìš°,No suitable video
2023,Over the Rainbow (Korean Ver.),Hi-Fi Un!corn (í•˜ì´íŒŒì´ ìœ ë‹ˆì½˜),Every channel is None or video duration is not between 60 and 600 seconds
2023,Over the Rainbow (Korean Ver.),Hi-Fi Un!corn (í•˜ì´íŒŒì´ ìœ ë‹ˆì½˜),No suitable video
2023,Here I Stand (Black Clover: Sword of the Wizard King OST),TREASURE,Every channel is None or video duration is not between 60 and 600 seconds
2023,Here I Stand (Black Clover: Sword of the Wizard King OST),TREASURE,No suitable video
2023,Super,ì„¸ë¸í‹´(SEVENTEEN),Every channel is None or video duration is not between 60 and 600 seconds
2023,Super,ì„¸ë¸í‹´(SEVENTEEN),No suitable video
2023,STUPID,TREASURE,[0;31mERROR:[0m unable to download video data: HTTP Error 403: Forbidden
2023,ë‘ë¦¬ë²ˆ (Look Around),êµ¬ì¤€íšŒ,Every channel is None or video duration is not between 60 and 600 seconds
2023,ë‘ë¦¬ë²ˆ (Look Around),êµ¬ì¤€íšŒ,No suitable video
2024,Live My Life,aespa,Every channel is None or video duration is not between 60 and 600 seconds
2024,Live My Life,aespa,No suitable video
2024,Everytime,WayV,Every channel is None or video duration is not between 60 and 600 seconds
2024,Everytime,WayV,No suitable video
2024,Nakseo,ê¹€ë™í˜,Every channel is None or video duration is not between 60 and 600 seconds
2024,Nakseo,ê¹€ë™í˜,No suitable video
2024,ì‘ì€ ìƒˆ (Dickey) (feat. Punch),ê¹€ë™í˜,Every channel is None or video duration is not between 60 and 600 seconds
2024,ì‘ì€ ìƒˆ (Dickey) (feat. Punch),ê¹€ë™í˜,No suitable video
2024,Bubble Gum,ë‰´ì§„ìŠ¤(NewJeans),Every channel is None or video duration is not between 60 and 600 seconds
2024,Bubble Gum,ë‰´ì§„ìŠ¤(NewJeans),No suitable video
2024,SoÃ±ar (Breaker) (Fe3O4: Break),NMIXX,Every channel is None or video duration is not between 60 and 600 seconds
2024,SoÃ±ar (Breaker) (Fe3O4: Break),NMIXX,No suitable video
2024,Dash (Fe3O4: Break),NMIXX,Every channel is None or video duration is not between 60 and 600 seconds
2024,Dash (Fe3O4: Break),NMIXX,No suitable video
2024,Fe3O4: Break,NMIXX,Every channel is None or video duration is not between 60 and 600 seconds
2024,Fe3O4: Break,NMIXX,No suitable video
2024,Fatal Trouble (DARK MOON SPECIAL ALBUM MEMORABILIA),ì—”í•˜ì´í”ˆ (ENHYPEN),Every channel is None or video duration is not between 60 and 600 seconds
2024,Fatal Trouble (DARK MOON SPECIAL ALBUM MEMORABILIA),ì—”í•˜ì´í”ˆ (ENHYPEN),No suitable video
2024,God of Music,ì„¸ë¸í‹´(SEVENTEEN),Every channel is None or video duration is not between 60 and 600 seconds
2024,God of Music,ì„¸ë¸í‹´(SEVENTEEN),No suitable video
2024,ì²« ë§Œë‚¨ì€ ê³„íšëŒ€ë¡œ ë˜ì§€ ì•Šì•„(Plot Twist),TWS(íˆ¬ì–´ìŠ¤),[0;31mERROR:[0m unable to download video data: HTTP Error 403: Forbidden
2024,Goodbye (ì˜ ì§€ë‚´ë¼),Im Hyunsik,Every channel is None or video duration is not between 60 and 600 seconds
2024,Goodbye (ì˜ ì§€ë‚´ë¼),Im Hyunsik,No suitable video
2024,I'm Ready,ì²­í•˜,Every channel is None or video duration is not between 60 and 600 seconds
2024,I'm Ready,ì²­í•˜,No suitable video
2024,Regret of the Times (2024 Aespa Remake Version),aespa,Every channel is None or video duration is not between 60 and 600 seconds
2024,Regret of the Times (2024 Aespa Remake Version),aespa,No suitable video
2024,Over You (Feat. Chris Martin & Aespa),aespa,Every channel is None or video duration is not between 60 and 600 seconds
2024,Over You (Feat. Chris Martin & Aespa),aespa,No suitable video
